<?xml version="1.0" encoding="UTF-8"?>
<project-private xmlns="http://www.netbeans.org/ns/project-private/1">
    <editor-bookmarks xmlns="http://www.netbeans.org/ns/editor-bookmarks/2" lastBookmarkId="0"/>
    <open-files xmlns="http://www.netbeans.org/ns/projectui-open-files/2">
        <group>
            <file>file:/D:/github/PRJ301-ASS/WebApplication2/src/java/controller/LoginServlet.java</file>
            <file>file:/D:/github/PRJ301-ASS/WebApplication2/src/java/controller/CreateRequestServlet.java</file>
            <file>file:/D:/github/PRJ301-ASS/WebApplication2/web/WEB-INF/login.jsp</file>
            <file>file:/D:/github/PRJ301-ASS/WebApplication2/src/java/model/Department.java</file>
            <file>file:/D:/github/PRJ301-ASS/WebApplication2/web/WEB-INF/web.xml</file>
            <file>file:/D:/github/PRJ301-ASS/WebApplication2/web/WEB-INF/agenda.jsp</file>
            <file>file:/D:/github/PRJ301-ASS/WebApplication2/src/java/controller/TestDBServlet.java</file>
            <file>file:/D:/github/PRJ301-ASS/WebApplication2/src/java/dal/FeatureDAL.java</file>
            <file>file:/D:/github/PRJ301-ASS/WebApplication2/src/java/dal/RequestDAL.java</file>
            <file>file:/D:/github/PRJ301-ASS/WebApplication2/src/java/dal/UserDAL.java</file>
            <file>file:/D:/github/PRJ301-ASS/WebApplication2/src/java/dal/DBContext.java</file>
            <file>file:/D:/github/PRJ301-ASS/WebApplication2/src/java/model/Request.java</file>
            <file>file:/D:/github/PRJ301-ASS/WebApplication2/src/java/controller/ApproveRequestServlet.java</file>
            <file>file:/D:/github/PRJ301-ASS/WebApplication2/web/WEB-INF/dashboard.jsp</file>
            <file>file:/D:/github/PRJ301-ASS/WebApplication2/web/WEB-INF/request_approve.jsp</file>
            <file>file:/D:/github/PRJ301-ASS/WebApplication2/src/java/model/Feature.java</file>
            <file>file:/D:/github/PRJ301-ASS/WebApplication2/src/java/controller/ListRequestServlet.java</file>
            <file>file:/D:/github/PRJ301-ASS/WebApplication2/src/java/model/User.java</file>
            <file>file:/D:/github/PRJ301-ASS/WebApplication2/src/java/model/Role.java</file>
        </group>
    </open-files>
</project-private>
